model,sample_size,solver,OLS_error_quad,error_quad,fo_value,time,time_process,n_betas,status,tau,kappa,alpha,theta
SOCP,500,MOSEK,0.329540164107406,4.849272869919858,25.749278156205822,0.24495046138763427,0.2518229166666667,238,converged,3.0345314742092353,3.0345314742092353,1.0,2369.417133252141
CG_SOC1_ElasticNet,500,MOSEK,0.329540164107406,5.6065250032326555,30.608334941522727,0.21421077648798625,0.34088541666666666,100,converged,3.0345314742092353,3.0345314742092353,1.0,2369.417133252141
SOCP,500,MOSEK,0.329540164107406,1.8796503418776653,9.114378329286398,0.24476199944814045,0.23697916666666666,58,converged,3.0345314742092353,3.0345314742092353,1.0,9.208381267966473
CG_SOC1_ElasticNet,500,MOSEK,0.329540164107406,1.8796496936563158,9.114378319562153,0.22667237520217895,0.365625,58,converged,3.0345314742092353,3.0345314742092353,1.0,9.208381267966473
SOCP,500,MOSEK,0.329540164107406,1.8596374679627286,8.846594683058843,0.24581394592920938,0.23776041666666667,55,converged,3.0345314742092353,3.0345314742092353,1.0,0.10859671975993608
CG_SOC1_ElasticNet,500,MOSEK,0.329540164107406,1.8596418333974807,8.846595139162659,0.2234686772028605,0.36171875,55,converged,3.0345314742092353,3.0345314742092353,1.0,0.10859671975993608
SOCP,500,MOSEK,0.329540164107406,1.8594615131447794,8.843018926875365,0.24332393805185953,0.23802083333333332,55,converged,3.0345314742092353,3.0345314742092353,1.0,0.00042204472398131565
CG_SOC1_ElasticNet,500,MOSEK,0.329540164107406,1.8594355790373753,8.843018454532125,0.2347254991531372,0.378125,55,converged,3.0345314742092353,3.0345314742092353,1.0,0.00042204472398131565
SOCP,500,MOSEK,0.329540164107406,4.335676269349205,19.55062594934329,0.24471835295359293,0.23828125,278,converged,1.0,1.0,1.0,2369.417133252141
CG_SOC1_ElasticNet,500,MOSEK,0.329540164107406,5.522993796551533,25.8475623344546,0.32527997096379596,0.4940104166666667,97,converged,1.0,1.0,1.0,2369.417133252141
SOCP,500,MOSEK,0.329540164107406,1.2069304513308143,4.154074171442396,0.24779879252115886,0.23880208333333333,97,converged,1.0,1.0,1.0,9.208381267966473
CG_SOC1_ElasticNet,500,MOSEK,0.329540164107406,1.2069465647532678,4.1540751437058745,0.3827785094579061,0.55625,97,converged,1.0,1.0,1.0,9.208381267966473
SOCP,500,MOSEK,0.329540164107406,1.1757077352447551,3.8892383927561087,0.2439230998357137,0.2359375,85,converged,1.0,1.0,1.0,0.10859671975993608
CG_SOC1_ElasticNet,500,MOSEK,0.329540164107406,1.1757327889931448,3.8892401606180953,0.3063865383466085,0.4635416666666667,84,converged,1.0,1.0,1.0,0.10859671975993608
SOCP,500,MOSEK,0.329540164107406,1.1756149358161045,3.8853019690658113,0.2449623703956604,0.23619791666666667,84,converged,1.0,1.0,1.0,0.00042204472398131565
CG_SOC1_ElasticNet,500,MOSEK,0.329540164107406,1.1756692656529155,3.8853027927030555,0.3111534039179484,0.45989583333333334,84,converged,1.0,1.0,1.0,0.00042204472398131565
SOCP,500,MOSEK,0.329540164107406,4.154843821878706,17.32773148796206,0.24554789066314697,0.23723958333333334,297,converged,0.329540164107406,0.329540164107406,1.0,2369.417133252141
CG_SOC1_ElasticNet,500,MOSEK,0.329540164107406,5.351215620675839,24.235587929142504,0.2562076767285665,0.4088541666666667,95,converged,0.329540164107406,0.329540164107406,1.0,2369.417133252141
SOCP,500,MOSEK,0.329540164107406,0.7742488292318574,2.138173692023988,0.24082956314086915,0.23125,130,converged,0.329540164107406,0.329540164107406,1.0,9.208381267966473
CG_SOC1_ElasticNet,500,MOSEK,0.329540164107406,0.7774237216447322,2.138729557790335,0.48160715103149415,0.6747395833333333,122,converged,0.329540164107406,0.329540164107406,1.0,9.208381267966473
SOCP,500,MOSEK,0.329540164107406,0.7172507884998036,1.876054160371626,0.2405428131421407,0.23359375,116,converged,0.329540164107406,0.329540164107406,1.0,0.10859671975993608
CG_SOC1_ElasticNet,500,MOSEK,0.329540164107406,0.7172589749959846,1.876054845100447,0.4841667572657267,0.6817708333333333,116,converged,0.329540164107406,0.329540164107406,1.0,0.10859671975993608
SOCP,500,MOSEK,0.329540164107406,0.7169817511152807,1.8718979695850075,0.24055827856063844,0.23541666666666666,116,converged,0.329540164107406,0.329540164107406,1.0,0.00042204472398131565
CG_SOC1_ElasticNet,500,MOSEK,0.329540164107406,0.7169766747288349,1.871897933775454,0.40884693066279093,0.5809895833333333,116,converged,0.329540164107406,0.329540164107406,1.0,0.00042204472398131565
SOCP,1000,MOSEK,0.07399280178672782,3228.9245918181427,3372.847321517359,0.866518759727478,0.8661458333333333,744,converged,13.514828143450181,13.514828143450181,1.0,82351913.09865497
CG_SOC1_ElasticNet,1000,MOSEK,0.07399280178672782,3485.771049747496,3504.0112186981714,0.11882375876108806,0.190625,74,converged,13.514828143450181,13.514828143450181,1.0,82351913.09865497
SOCP,1000,MOSEK,0.07399280178672782,1.6632830374224488,31.562862995169628,0.8768812537193298,0.8510416666666667,143,converged,13.514828143450181,13.514828143450181,1.0,182.6505797469931
CG_SOC1_ElasticNet,1000,MOSEK,0.07399280178672782,1.6179441255279954,31.6201698544435,0.4592885414759318,0.6315104166666666,99,converged,13.514828143450181,13.514828143450181,1.0,182.6505797469931
SOCP,1000,MOSEK,0.07399280178672782,1.4038947861186732,29.703115182861104,0.8527436852455139,0.8361979166666667,56,converged,13.514828143450181,13.514828143450181,1.0,0.0054749347162499915
CG_SOC1_ElasticNet,1000,MOSEK,0.07399280178672782,1.4038589373117278,29.703116684342547,0.22860876321792603,0.35,54,converged,13.514828143450181,13.514828143450181,1.0,0.0054749347162499915
SOCP,1000,MOSEK,0.07399280178672782,1.4039359294791198,29.702986432517047,0.8516567508379619,0.8442708333333333,59,converged,13.514828143450181,13.514828143450181,1.0,1.2143008733774429e-08
CG_SOC1_ElasticNet,1000,MOSEK,0.07399280178672782,1.4039077670690834,29.702987250915257,0.3763879656791687,0.5322916666666667,55,converged,13.514828143450181,13.514828143450181,1.0,1.2143008733774429e-08
SOCP,1000,MOSEK,0.07399280178672782,3227.6289201098357,3371.4759449866006,0.8555473446846008,0.8401041666666667,744,converged,1.0,1.0,1.0,82351913.09865497
CG_SOC1_ElasticNet,1000,MOSEK,0.07399280178672782,3487.379241318323,3504.6962683001284,0.11707800626754761,0.1921875,73,converged,1.0,1.0,1.0,82351913.09865497
SOCP,1000,MOSEK,0.07399280178672782,0.7362274186371085,4.024252083519166,0.8688851873079936,0.8421875,291,converged,1.0,1.0,1.0,182.6505797469931
CG_SOC1_ElasticNet,1000,MOSEK,0.07399280178672782,0.7726978476275531,4.250073666586688,0.471663224697113,0.6471354166666666,159,converged,1.0,1.0,1.0,182.6505797469931
SOCP,1000,MOSEK,0.07399280178672782,0.5240719094107682,2.8715853149841397,0.8505574067433676,0.83828125,111,converged,1.0,1.0,1.0,0.0054749347162499915
CG_SOC1_ElasticNet,1000,MOSEK,0.07399280178672782,0.5240877419127337,2.87158587199694,0.5282333771387736,0.6604166666666667,107,converged,1.0,1.0,1.0,0.0054749347162499915
SOCP,1000,MOSEK,0.07399280178672782,0.5240825661237435,2.871500486287088,0.8705608248710632,0.8578125,110,converged,1.0,1.0,1.0,1.2143008733774429e-08
CG_SOC1_ElasticNet,1000,MOSEK,0.07399280178672782,0.5240905996881676,2.871500488066906,0.6144402424494425,0.8088541666666667,107,converged,1.0,1.0,1.0,1.2143008733774429e-08
SOCP,1000,MOSEK,0.07399280178672782,3227.5309661640126,3371.3837252078556,0.8513952056566875,0.8385416666666666,744,converged,0.07399280178672782,0.07399280178672782,1.0,82351913.09865497
CG_SOC1_ElasticNet,1000,MOSEK,0.07399280178672782,3488.834559597141,3505.380390779434,0.11827235619227092,0.19114583333333332,68,converged,0.07399280178672782,0.07399280178672782,1.0,82351913.09865497
SOCP,1000,MOSEK,0.07399280178672782,0.44703117898802963,1.378857550278711,0.8846207777659099,0.8528645833333334,526,converged,0.07399280178672782,0.07399280178672782,1.0,182.6505797469931
CG_SOC1_ElasticNet,1000,MOSEK,0.07399280178672782,0.5863902984591095,1.7942660023606336,0.9472192128499349,1.2059895833333334,190,converged,0.07399280178672782,0.07399280178672782,1.0,182.6505797469931
SOCP,1000,MOSEK,0.07399280178672782,0.16871236263190922,0.4392116148794044,0.855478572845459,0.8390625,242,converged,0.07399280178672782,0.07399280178672782,1.0,0.0054749347162499915
CG_SOC1_ElasticNet,1000,MOSEK,0.07399280178672782,0.16871279070883344,0.439211637273679,1.5469090501467386,1.8057291666666666,242,converged,0.07399280178672782,0.07399280178672782,1.0,0.0054749347162499915
SOCP,1000,MOSEK,0.07399280178672782,0.16870459024758397,0.4391191395178387,0.8616583228111268,0.8421875,241,converged,0.07399280178672782,0.07399280178672782,1.0,1.2143008733774429e-08
CG_SOC1_ElasticNet,1000,MOSEK,0.07399280178672782,0.1687040858439489,0.43911915437983934,2.059563910961151,2.328125,242,converged,0.07399280178672782,0.07399280178672782,1.0,1.2143008733774429e-08
