sample_size,solver,error_quad,fo_value,time,time_process,status,tau,kappa,alpha
100,MOSEK,120.91774668345941,1112.6467780993628,0.07975316047668457,0.14505208333333333,converged,116.62646736902006,2915.6616842255016,5.0
100,MOSEK,120.91785886749432,1112.6467797410883,0.050287787119547525,0.11223958333333334,converged,116.62646736902006,2915.6616842255016,5.0
100,MOSEK,120.91785848932476,1112.646779726745,0.06943386793136597,0.15625,converged,116.62646736902006,2915.6616842255016,5.0
100,MOSEK,120.91776785499026,1112.6467715509364,0.07363712787628174,0.15859375,converged,116.62646736902006,2915.6616842255016,5.0
100,MOSEK,120.9179163349668,1112.6467792254016,0.04720178445180257,0.11484375,converged,116.62646736902006,2915.6616842255016,5.0
100,MOSEK,120.91785514741069,1112.646779839193,0.049434403578440346,0.11171875,converged,116.62646736902006,2915.6616842255016,5.0
100,MOSEK,120.91788167452637,1112.6467797000273,0.050256959597269696,0.115625,converged,116.62646736902006,2915.6616842255016,5.0
100,MOSEK,120.9178562355936,1112.6467782045966,0.04910626808802287,0.11458333333333333,converged,116.62646736902006,2915.6616842255016,5.0
100,MOSEK,120.91786307016747,1112.6467798275075,0.02955417235692342,0.08671875,converged,116.62646736902006,2915.6616842255016,5.0
100,MOSEK,120.9175123423677,1112.6467496640153,0.07161573966344198,0.14635416666666667,converged,116.62646736902006,2915.6616842255016,5.0
100,MOSEK,120.9178598605818,1112.646779781738,0.07330225706100464,0.16354166666666667,converged,233.25293473804012,1457.8308421127508,2.5
100,MOSEK,120.91785823976875,1112.6467796759102,0.029896100362141926,0.07916666666666666,converged,233.25293473804012,1457.8308421127508,2.5
100,MOSEK,120.91788575830951,1112.6467787972742,0.04780112504959107,0.11848958333333333,converged,233.25293473804012,1457.8308421127508,2.5
100,MOSEK,120.91784973335685,1112.6467797591954,0.04520213603973389,0.12291666666666666,converged,233.25293473804012,1457.8308421127508,2.5
100,MOSEK,120.91784759120134,1112.6467778247097,0.07129748264948527,0.15338541666666666,converged,233.25293473804012,1457.8308421127508,2.5
100,MOSEK,120.91785476236795,1112.6467716689028,0.07372458775838216,0.13463541666666667,converged,233.25293473804012,1457.8308421127508,2.5
100,MOSEK,120.91793303450518,1112.6467772205392,0.06876606941223144,0.15260416666666668,converged,233.25293473804012,1457.8308421127508,2.5
100,MOSEK,120.91785899947496,1112.6467798467613,0.04781368176142375,0.12630208333333334,converged,233.25293473804012,1457.8308421127508,2.5
100,MOSEK,120.91782345738984,1112.6467709573396,0.06790968974431356,0.15755208333333334,converged,233.25293473804012,1457.8308421127508,2.5
100,MOSEK,120.91786025858629,1112.6467798400467,0.03217799663543701,0.078125,converged,233.25293473804012,1457.8308421127508,2.5
100,MOSEK,120.91812247182934,1112.6467792874735,0.06979033152262369,0.15989583333333332,converged,349.8794021070602,971.8872280751673,1.6666666666666667
100,MOSEK,120.91785925438722,1112.6467798460815,0.12764865159988403,0.23229166666666667,converged,349.8794021070602,971.8872280751673,1.6666666666666667
100,MOSEK,120.91785910246274,1112.6467798470605,0.06999839146931966,0.16458333333333333,converged,349.8794021070602,971.8872280751673,1.6666666666666667
100,MOSEK,120.9178589952485,1112.6467797811692,0.047758678595225014,0.11927083333333334,converged,349.8794021070602,971.8872280751673,1.6666666666666667
100,MOSEK,120.91785824046426,1112.6467796380296,0.0707046111424764,0.15520833333333334,converged,349.8794021070602,971.8872280751673,1.6666666666666667
100,MOSEK,120.9178189096871,1112.6467759013092,0.06837483644485473,0.1609375,converged,349.8794021070602,971.8872280751673,1.6666666666666667
100,MOSEK,120.917846978074,1112.6467784542415,0.07112868229548136,0.15364583333333334,converged,349.8794021070602,971.8872280751673,1.6666666666666667
100,MOSEK,120.91786029252687,1112.6467798357799,0.06835266749064127,0.15234375,converged,349.8794021070602,971.8872280751673,1.6666666666666667
100,MOSEK,120.9166868967941,1112.6467575226834,0.0698334018389384,0.14739583333333334,converged,349.8794021070602,971.8872280751673,1.6666666666666667
100,MOSEK,120.91785908286754,1112.6467798159497,0.030923883120218914,0.07526041666666666,converged,349.8794021070602,971.8872280751673,1.6666666666666667
100,MOSEK,120.91785897663037,1112.6467798434728,0.07008136908213297,0.14973958333333334,converged,466.50586947608025,728.9154210563754,1.25
100,MOSEK,120.91779040126072,1112.6467722382276,0.04721529881159465,0.11015625,converged,466.50586947608025,728.9154210563754,1.25
100,MOSEK,120.91785782375295,1112.646779846932,0.04804675181706746,0.12057291666666667,converged,466.50586947608025,728.9154210563754,1.25
100,MOSEK,120.91791878149348,1112.6467798041626,0.06736196676890055,0.15651041666666668,converged,466.50586947608025,728.9154210563754,1.25
100,MOSEK,120.91786582339716,1112.6467797594437,0.030706318219502766,0.0828125,converged,466.50586947608025,728.9154210563754,1.25
100,MOSEK,120.91786168355944,1112.6467777461062,0.04688339630762736,0.11510416666666666,converged,466.50586947608025,728.9154210563754,1.25
100,MOSEK,120.91769680645497,1112.6467647759864,0.06798404455184937,0.14453125,converged,466.50586947608025,728.9154210563754,1.25
100,MOSEK,120.91785383437539,1112.6467793482261,0.029547572135925293,0.07604166666666666,converged,466.50586947608025,728.9154210563754,1.25
100,MOSEK,120.91780313109584,1112.6467778972305,0.04816858768463135,0.10572916666666667,converged,466.50586947608025,728.9154210563754,1.25
100,MOSEK,120.91814030004872,1112.6467788121565,0.04760753711064657,0.11770833333333333,converged,466.50586947608025,728.9154210563754,1.25
100,MOSEK,120.91786201928828,1112.6467797805199,0.029960779349009196,0.08072916666666667,converged,583.1323368451003,583.1323368451003,1.0
100,MOSEK,120.9176957392923,1112.646760882148,0.04776440064112345,0.11979166666666667,converged,583.1323368451003,583.1323368451003,1.0
100,MOSEK,120.9178632870207,1112.6467798387832,0.031276949246724445,0.08229166666666667,converged,583.1323368451003,583.1323368451003,1.0
100,MOSEK,120.91786026395592,1112.646779807637,0.07005602518717448,0.15963541666666667,converged,583.1323368451003,583.1323368451003,1.0
100,MOSEK,120.91785902366416,1112.6467798472695,0.03039427995681763,0.078125,converged,583.1323368451003,583.1323368451003,1.0
100,MOSEK,120.9178536677958,1112.6467777014184,0.04699677626291911,0.121875,converged,583.1323368451003,583.1323368451003,1.0
100,MOSEK,120.91778822291107,1112.6467763186497,0.047659413019816084,0.121875,converged,583.1323368451003,583.1323368451003,1.0
100,MOSEK,120.91792704187499,1112.6467593912014,0.09683564503987631,0.19348958333333333,converged,583.1323368451003,583.1323368451003,1.0
100,MOSEK,120.9178593196372,1112.6467798491308,0.030487791697184245,0.0796875,converged,583.1323368451003,583.1323368451003,1.0
100,MOSEK,120.91788170045872,1112.6467773381135,0.04806602398554484,0.11848958333333333,converged,583.1323368451003,583.1323368451003,1.0
500,MOSEK,0.329555453152106,0.3336690210666211,1.9549481709798178,2.18671875,converged,8.440894479626313e-05,0.002110223619906578,5.0
500,MOSEK,0.3295554595971253,0.3336689885744491,2.470638068517049,2.7544270833333333,converged,8.440894479626313e-05,0.002110223619906578,5.0
500,MOSEK,0.3295554633770431,0.333668985948033,1.9317865014076232,2.19609375,converged,8.440894479626313e-05,0.002110223619906578,5.0
500,MOSEK,0.32955545813288806,0.333668986739158,1.9297019958496093,2.202864583333333,converged,8.440894479626313e-05,0.002110223619906578,5.0
500,MOSEK,0.32955537909783994,0.33366904085984284,1.7050082008043925,1.965625,converged,8.440894479626313e-05,0.002110223619906578,5.0
500,MOSEK,0.3295554617268901,0.3336689801102081,1.9452150901158651,2.1963541666666666,converged,8.440894479626313e-05,0.002110223619906578,5.0
500,MOSEK,0.3295554594503608,0.3336690012334554,2.166953118642171,2.4502604166666666,converged,8.440894479626313e-05,0.002110223619906578,5.0
500,MOSEK,0.32955547153758685,0.33366907558433423,2.188265939553579,2.46328125,converged,8.440894479626313e-05,0.002110223619906578,5.0
500,MOSEK,0.3295554600489602,0.3336689936358111,1.9464649359385173,2.178125,converged,8.440894479626313e-05,0.002110223619906578,5.0
500,MOSEK,0.32955546129284885,0.3336689823258893,2.1759611209233602,2.4453125,converged,8.440894479626313e-05,0.002110223619906578,5.0
500,MOSEK,0.3295554495141133,0.333668993143678,1.936402161916097,2.21171875,converged,0.00016881788959252625,0.001055111809953289,2.5
500,MOSEK,0.32955546236265626,0.33366898067442885,1.9382469971974692,2.1984375,converged,0.00016881788959252625,0.001055111809953289,2.5
500,MOSEK,0.32955545959917676,0.333668983535822,1.942081586519877,2.2018229166666665,converged,0.00016881788959252625,0.001055111809953289,2.5
500,MOSEK,0.3295554625253397,0.33366898304363274,1.9326679269472757,2.195572916666667,converged,0.00016881788959252625,0.001055111809953289,2.5
500,MOSEK,0.32955544077089244,0.33366899558159013,2.180496875445048,2.4328125,converged,0.00016881788959252625,0.001055111809953289,2.5
500,MOSEK,0.3295554662890176,0.33366899349090895,2.1777610898017885,2.465104166666667,converged,0.00016881788959252625,0.001055111809953289,2.5
500,MOSEK,0.3295554608705747,0.3336689811269906,2.1743165294329327,2.447395833333333,converged,0.00016881788959252625,0.001055111809953289,2.5
500,MOSEK,0.32955547499068494,0.33366898096683595,1.9127628922462463,2.19375,converged,0.00016881788959252625,0.001055111809953289,2.5
500,MOSEK,0.3295554625787056,0.33366900018593293,1.9077168822288513,2.18203125,converged,0.00016881788959252625,0.001055111809953289,2.5
500,MOSEK,0.32955546026546945,0.3336689873493181,1.685243546962738,1.9427083333333333,converged,0.00016881788959252625,0.001055111809953289,2.5
500,MOSEK,0.32955545611886633,0.3336690027664893,2.1752429564793903,2.4575520833333333,converged,0.0002532268343887894,0.0007034078733021929,1.6666666666666667
500,MOSEK,0.32955545967494154,0.3336689804350418,1.9308330456415812,2.17265625,converged,0.0002532268343887894,0.0007034078733021929,1.6666666666666667
500,MOSEK,0.32955543963184925,0.33366900068743577,1.9324316223462423,2.187239583333333,converged,0.0002532268343887894,0.0007034078733021929,1.6666666666666667
500,MOSEK,0.3295554613593187,0.3336689803442689,1.9532197753588358,2.2119791666666666,converged,0.0002532268343887894,0.0007034078733021929,1.6666666666666667
500,MOSEK,0.3295554483837228,0.333668993003832,1.9397261977195739,2.191666666666667,converged,0.0002532268343887894,0.0007034078733021929,1.6666666666666667
500,MOSEK,0.329555451550485,0.3336689829361077,1.6986605962117514,1.9375,converged,0.0002532268343887894,0.0007034078733021929,1.6666666666666667
500,MOSEK,0.32955545369317923,0.3336689849913378,1.9214526255925497,2.1958333333333333,converged,0.0002532268343887894,0.0007034078733021929,1.6666666666666667
500,MOSEK,0.3295554644590306,0.33366898786329197,1.924523405234019,2.1880208333333333,converged,0.0002532268343887894,0.0007034078733021929,1.6666666666666667
500,MOSEK,0.3295554701014511,0.3336689951388156,2.2348594824473063,2.4520833333333334,converged,0.0002532268343887894,0.0007034078733021929,1.6666666666666667
500,MOSEK,0.32955546378047884,0.33366898348500973,2.168189052740733,2.4427083333333335,converged,0.0002532268343887894,0.0007034078733021929,1.6666666666666667
500,MOSEK,0.3295554616745316,0.33366898004337536,2.0606083432833353,2.2416666666666667,converged,0.0003376357791850525,0.0005275559049766445,1.25
500,MOSEK,0.3295554573775295,0.33366898597522876,2.1109527548154197,2.22578125,converged,0.0003376357791850525,0.0005275559049766445,1.25
500,MOSEK,0.3295554529764773,0.3336689849845824,1.7800768772761026,1.9057291666666667,converged,0.0003376357791850525,0.0005275559049766445,1.25
500,MOSEK,0.32955545529539576,0.333668988186087,2.1315069754918414,2.159375,converged,0.0003376357791850525,0.0005275559049766445,1.25
500,MOSEK,0.3295554619065673,0.3336689800122305,2.2796456813812256,2.47734375,converged,0.0003376357791850525,0.0005275559049766445,1.25
500,MOSEK,0.3295554529253708,0.33366898459789895,2.4210236112276715,2.63828125,converged,0.0003376357791850525,0.0005275559049766445,1.25
500,MOSEK,0.32955545838683736,0.333668985420213,1.9867935140927633,2.1567708333333333,converged,0.0003376357791850525,0.0005275559049766445,1.25
500,MOSEK,0.32955547530058127,0.3336689911005456,2.218862001101176,2.43203125,converged,0.0003376357791850525,0.0005275559049766445,1.25
500,MOSEK,0.32955545939509906,0.33366897993223277,1.9382980108261108,2.19765625,converged,0.0003376357791850525,0.0005275559049766445,1.25
500,MOSEK,0.32955545953211357,0.3336689841710171,1.9663084824879964,2.1822916666666665,converged,0.0003376357791850525,0.0005275559049766445,1.25
500,MOSEK,0.3295554559256834,0.33366898695526964,2.0540929516156514,2.1625,converged,0.00042204472398131565,0.00042204472398131565,1.0
500,MOSEK,0.3295554609859703,0.33366898075452733,2.068032177289327,2.1768229166666666,converged,0.00042204472398131565,0.00042204472398131565,1.0
500,MOSEK,0.3295554592537988,0.3336689870736342,1.8191190719604493,1.9294270833333333,converged,0.00042204472398131565,0.00042204472398131565,1.0
500,MOSEK,0.329555443291815,0.33366899176797454,2.2350531498591106,2.2544270833333333,converged,0.00042204472398131565,0.00042204472398131565,1.0
500,MOSEK,0.3295554610963211,0.33366898058105215,1.9036648432413736,2.086197916666667,converged,0.00042204472398131565,0.00042204472398131565,1.0
500,MOSEK,0.32955546742437064,0.33366900539569677,1.8493701020876567,2.1005208333333334,converged,0.00042204472398131565,0.00042204472398131565,1.0
500,MOSEK,0.3295554682157587,0.3336689988151817,1.872437024116516,2.08828125,converged,0.00042204472398131565,0.00042204472398131565,1.0
500,MOSEK,0.3295554537462846,0.33366899941467104,1.6230289379755656,1.8489583333333333,converged,0.00042204472398131565,0.00042204472398131565,1.0
500,MOSEK,0.3295554596429941,0.3336689810989676,1.8458083947499593,2.06875,converged,0.00042204472398131565,0.00042204472398131565,1.0
500,MOSEK,0.3295554626063235,0.3336689813104772,1.8364125847816468,2.1044270833333334,converged,0.00042204472398131565,0.00042204472398131565,1.0
1000,MOSEK,0.07399290236908916,0.07399127357813536,9.713193611303966,10.430208333333333,converged,2.428601746754886e-09,6.071504366887215e-08,5.0
1000,MOSEK,0.07399290247472658,0.07399127026543442,12.685844556490581,12.17109375,converged,2.428601746754886e-09,6.071504366887215e-08,5.0
1000,MOSEK,0.07399290229673278,0.07399127549664415,16.231472341219582,13.343489583333334,converged,2.428601746754886e-09,6.071504366887215e-08,5.0
1000,MOSEK,0.07399290246468865,0.07399126849284213,20.94189228216807,16.354947916666667,converged,2.428601746754886e-09,6.071504366887215e-08,5.0
1000,MOSEK,0.07399290251749281,0.07399126735503396,15.886850889523824,12.598958333333334,converged,2.428601746754886e-09,6.071504366887215e-08,5.0
1000,MOSEK,0.0739929024575384,0.07399127314940414,11.119620033105214,11.0078125,converged,2.428601746754886e-09,6.071504366887215e-08,5.0
1000,MOSEK,0.07399290247823341,0.07399127139133774,12.143283200263976,11.88828125,converged,2.428601746754886e-09,6.071504366887215e-08,5.0
1000,MOSEK,0.07399290259649524,0.07399127250375125,10.79111829996109,11.183854166666666,converged,2.428601746754886e-09,6.071504366887215e-08,5.0
1000,MOSEK,0.07399290232096864,0.07399127103695105,10.06877235174179,10.504427083333333,converged,2.428601746754886e-09,6.071504366887215e-08,5.0
1000,MOSEK,0.07399290249645768,0.07399127264845937,10.423118070761364,11.06875,converged,2.428601746754886e-09,6.071504366887215e-08,5.0
1000,MOSEK,0.07399290249335473,0.0739912716529899,11.55872368812561,12.099479166666667,converged,4.857203493509772e-09,3.0357521834436074e-08,2.5
1000,MOSEK,0.07399290219671457,0.0739912699735578,10.614480602741242,11.499739583333334,converged,4.857203493509772e-09,3.0357521834436074e-08,2.5
1000,MOSEK,0.0739929024765652,0.07399127932508424,12.989488466580708,13.790104166666667,converged,4.857203493509772e-09,3.0357521834436074e-08,2.5
1000,MOSEK,0.07399290244410356,0.07399125433896814,9.19104790687561,9.7625,converged,4.857203493509772e-09,3.0357521834436074e-08,2.5
1000,MOSEK,0.07399290241754457,0.07399127503750612,11.146961458524068,11.9265625,converged,4.857203493509772e-09,3.0357521834436074e-08,2.5
1000,MOSEK,0.07399290297153703,0.07399126648362825,9.525299564997356,9.9328125,converged,4.857203493509772e-09,3.0357521834436074e-08,2.5
1000,MOSEK,0.07399290246316458,0.0739912714200001,9.67423970301946,10.233333333333333,converged,4.857203493509772e-09,3.0357521834436074e-08,2.5
1000,MOSEK,0.07399290237610964,0.0739912732209304,10.54979985555013,11.2265625,converged,4.857203493509772e-09,3.0357521834436074e-08,2.5
1000,MOSEK,0.07399290256052227,0.07399126960455919,10.927087879180908,11.627864583333333,converged,4.857203493509772e-09,3.0357521834436074e-08,2.5
1000,MOSEK,0.07399290248080849,0.073991256471943,11.543743666013082,12.085677083333334,converged,4.857203493509772e-09,3.0357521834436074e-08,2.5
1000,MOSEK,0.07399290245497113,0.07399128893297852,11.743511680761973,12.790364583333334,converged,7.285805240264657e-09,2.023834788962405e-08,1.6666666666666667
1000,MOSEK,0.07399290248871612,0.07399128684621624,10.041391619046529,10.7046875,converged,7.285805240264657e-09,2.023834788962405e-08,1.6666666666666667
1000,MOSEK,0.07399290244392846,0.07399126519878033,10.716296744346618,11.36484375,converged,7.285805240264657e-09,2.023834788962405e-08,1.6666666666666667
1000,MOSEK,0.07399290248456125,0.0739912583692884,9.557624904314677,9.8796875,converged,7.285805240264657e-09,2.023834788962405e-08,1.6666666666666667
1000,MOSEK,0.07399290248121901,0.07399125559228954,12.051911481221516,13.318229166666667,converged,7.285805240264657e-09,2.023834788962405e-08,1.6666666666666667
1000,MOSEK,0.07399290288742033,0.07399127611609026,11.921024250984193,12.975260416666666,converged,7.285805240264657e-09,2.023834788962405e-08,1.6666666666666667
1000,MOSEK,0.07399290849171268,0.07399128783857627,14.86906675895055,16.169270833333332,converged,7.285805240264657e-09,2.023834788962405e-08,1.6666666666666667
1000,MOSEK,0.07399290247816552,0.07399125740005269,12.056399408976237,13.424739583333333,converged,7.285805240264657e-09,2.023834788962405e-08,1.6666666666666667
1000,MOSEK,0.0739929024545362,0.07399128656357494,12.277048110961914,12.65078125,converged,7.285805240264657e-09,2.023834788962405e-08,1.6666666666666667
1000,MOSEK,0.07399290248206046,0.07399127260807126,15.510604270299275,15.723697916666667,converged,7.285805240264657e-09,2.023834788962405e-08,1.6666666666666667
1000,MOSEK,0.07399290254173749,0.07399126914502926,12.400515492757162,11.171875,converged,9.714406987019544e-09,1.5178760917218037e-08,1.25
1000,MOSEK,0.07399290252513215,0.07399126582534622,11.93138252099355,11.651822916666667,converged,9.714406987019544e-09,1.5178760917218037e-08,1.25
1000,MOSEK,0.07399290224960214,0.07399127406448242,10.630829751491547,10.62421875,converged,9.714406987019544e-09,1.5178760917218037e-08,1.25
1000,MOSEK,0.07399290248372094,0.07399127184163116,11.93226637840271,12.5,converged,9.714406987019544e-09,1.5178760917218037e-08,1.25
1000,MOSEK,0.07399290353960426,0.07399126792661573,15.134233860174815,14.7828125,converged,9.714406987019544e-09,1.5178760917218037e-08,1.25
1000,MOSEK,0.07399290243095565,0.07399125861747481,13.468099268277486,13.306510416666667,converged,9.714406987019544e-09,1.5178760917218037e-08,1.25
1000,MOSEK,0.07399290287350374,0.07399127320130736,15.195190640290578,14.496875,converged,9.714406987019544e-09,1.5178760917218037e-08,1.25
1000,MOSEK,0.07399290247145299,0.07399126875396594,13.04689181248347,13.059114583333333,converged,9.714406987019544e-09,1.5178760917218037e-08,1.25
1000,MOSEK,0.07399290235222826,0.07399126981459841,9.170999133586884,9.938541666666667,converged,9.714406987019544e-09,1.5178760917218037e-08,1.25
1000,MOSEK,0.07399290782679883,0.07399128760361358,10.64809049765269,11.721354166666666,converged,9.714406987019544e-09,1.5178760917218037e-08,1.25
1000,MOSEK,0.07399290272993664,0.07399127806093903,10.57153176466624,11.436458333333333,converged,1.2143008733774429e-08,1.2143008733774429e-08,1.0
1000,MOSEK,0.07399290230622783,0.07399127064326008,9.320028607050578,10.291927083333333,converged,1.2143008733774429e-08,1.2143008733774429e-08,1.0
1000,MOSEK,0.07399290239340206,0.07399127722728673,9.309741063912709,10.264583333333333,converged,1.2143008733774429e-08,1.2143008733774429e-08,1.0
1000,MOSEK,0.07399290254781993,0.07399127875223034,9.276432661215464,10.241145833333333,converged,1.2143008733774429e-08,1.2143008733774429e-08,1.0
1000,MOSEK,0.07399290247957963,0.07399127794668617,11.720028984546662,13.006770833333333,converged,1.2143008733774429e-08,1.2143008733774429e-08,1.0
1000,MOSEK,0.0739929024873365,0.0739912645092176,9.405131840705872,10.359114583333334,converged,1.2143008733774429e-08,1.2143008733774429e-08,1.0
1000,MOSEK,0.07399290230569631,0.07399127274931692,9.283128221829733,10.26484375,converged,1.2143008733774429e-08,1.2143008733774429e-08,1.0
1000,MOSEK,0.07399290248696311,0.07399127015734502,9.362670369942983,10.290364583333334,converged,1.2143008733774429e-08,1.2143008733774429e-08,1.0
1000,MOSEK,0.07399290248108392,0.07399127201865252,8.646539270877838,9.48125,converged,1.2143008733774429e-08,1.2143008733774429e-08,1.0
1000,MOSEK,0.07399290244658001,0.07399127502547496,9.356341397762298,10.3,converged,1.2143008733774429e-08,1.2143008733774429e-08,1.0
1500,MOSEK,0.021776839564044203,0.021775548278669076,31.394931030273437,37.022135416666664,converged,4.644910338488214e-13,1.1612275846220535e-11,5.0
1500,MOSEK,0.02177683703806584,0.021775541639665323,28.510916205247245,33.463802083333334,converged,4.644910338488214e-13,1.1612275846220535e-11,5.0
1500,MOSEK,0.021776836841291138,0.02177554084069163,33.217029790083565,39.08932291666667,converged,4.644910338488214e-13,1.1612275846220535e-11,5.0
1500,MOSEK,0.021776836964939074,0.02177553976804078,28.377697590986887,33.40416666666667,converged,4.644910338488214e-13,1.1612275846220535e-11,5.0
1500,MOSEK,0.02177683702396611,0.021775541152647276,29.915933807690937,34.95390625,converged,4.644910338488214e-13,1.1612275846220535e-11,5.0
1500,MOSEK,0.021776837048699423,0.02177554133337351,29.942269027233124,35.00442708333333,converged,4.644910338488214e-13,1.1612275846220535e-11,5.0
1500,MOSEK,0.021776836877403866,0.021775541175578936,30.081718667348227,35.490625,converged,4.644910338488214e-13,1.1612275846220535e-11,5.0
1500,MOSEK,0.021776837210725538,0.021775543400886416,28.472002947330473,33.14375,converged,4.644910338488214e-13,1.1612275846220535e-11,5.0
1500,MOSEK,0.021776836943330526,0.021775540841805188,34.75078259706497,41.08802083333333,converged,4.644910338488214e-13,1.1612275846220535e-11,5.0
1500,MOSEK,0.02177683925252474,0.021775566382404195,30.003422280152638,35.30390625,converged,4.644910338488214e-13,1.1612275846220535e-11,5.0
1500,MOSEK,0.0217768367608669,0.021775537660912697,31.56557491620382,36.79348958333333,converged,9.289820676976428e-13,5.806137923110268e-12,2.5
1500,MOSEK,0.021776837040869308,0.02177554115751026,28.29938796758652,33.09609375,converged,9.289820676976428e-13,5.806137923110268e-12,2.5
1500,MOSEK,0.021776837026548018,0.02177554117266952,31.625835156440736,37.03541666666667,converged,9.289820676976428e-13,5.806137923110268e-12,2.5
1500,MOSEK,0.02177683699302001,0.021775541109132015,27.927934837341308,31.995833333333334,converged,9.289820676976428e-13,5.806137923110268e-12,2.5
1500,MOSEK,0.021776837050093648,0.02177554121158192,31.545663026968636,35.67916666666667,converged,9.289820676976428e-13,5.806137923110268e-12,2.5
1500,MOSEK,0.021776836794570143,0.021775540034619605,38.048419078191124,42.82760416666667,converged,9.289820676976428e-13,5.806137923110268e-12,2.5
1500,MOSEK,0.02177683666617752,0.02177554387637924,34.65318561792374,39.78880208333333,converged,9.289820676976428e-13,5.806137923110268e-12,2.5
1500,MOSEK,0.021776837133016275,0.021775538284738258,47.43677393992742,43.14765625,converged,9.289820676976428e-13,5.806137923110268e-12,2.5
1500,MOSEK,0.021776837437330547,0.021775540901634676,34.73743190368017,35.65026041666667,converged,9.289820676976428e-13,5.806137923110268e-12,2.5
1500,MOSEK,0.021776837036447366,0.02177554119515684,29.210685249169668,31.657291666666666,converged,9.289820676976428e-13,5.806137923110268e-12,2.5
1500,MOSEK,0.021776836594273204,0.02177553903379476,32.01155332326889,34.99010416666667,converged,1.3934731015464641e-12,3.870758615406845e-12,1.6666666666666667
1500,MOSEK,0.02177683729591292,0.021775538280707402,34.96999012629191,37.65078125,converged,1.3934731015464641e-12,3.870758615406845e-12,1.6666666666666667
1500,MOSEK,0.021776836956562688,0.021775540995573,29.73994631767273,33.17552083333333,converged,1.3934731015464641e-12,3.870758615406845e-12,1.6666666666666667
1500,MOSEK,0.02177683704274608,0.021775541209357856,35.154773302872975,37.666666666666664,converged,1.3934731015464641e-12,3.870758615406845e-12,1.6666666666666667
1500,MOSEK,0.021776837064299285,0.02177553761010569,30.941008977095287,34.05807291666667,converged,1.3934731015464641e-12,3.870758615406845e-12,1.6666666666666667
